year,date,cardinal_direction_seq,classification_seq,hour_00,hour_01,hour_02,hour_03,hour_04,hour_05,hour_06,hour_07,hour_08,hour_09,hour_10,hour_11,hour_12,hour_13,hour_14,hour_15,hour_16,hour_17,hour_18,hour_19,hour_20,hour_21,hour_22,hour_23,public_holiday,school_holiday
2017,2017-01-03,Northbound,All Vehicles,230,143,147,245,473,1174,2014,2294,2249,2140,1962,2043,1989,1877,1839,1746,1746,1749,1572,1217,936,880,671,448,0,1
2017,2017-01-04,Northbound,All Vehicles,249,186,166,237,398,1154,2197,2395,2333,2243,2230,2178,1993,1909,1838,1807,1818,1947,1687,1296,930,940,705,486,0,1
2017,2017-01-05,Northbound,All Vehicles,267,167,190,233,478,1366,2186,2485,2407,2352,2229,2256,2024,1921,1885,1797,1826,1952,1597,1327,962,1005,717,498,0,1
2017,2017-01-06,Northbound,All Vehicles,294,165,191,263,481,1269,2114,2281,2403,2210,2091,2085,2096,2171,1953,1907,1995,2069,1885,1498,1198,968,869,653,0,1
2017,2017-01-07,Northbound,All Vehicles,443,270,247,279,361,764,1142,1336,1771,2407,2523,2522,2311,2179,2110,2008,1966,2123,2162,1675,1353,1151,1027,802,0,1
2017,2017-01-08,Northbound,All Vehicles,560,333,279,283,268,513,691,846,1276,2097,2208,2438,2515,2142,2129,2054,2087,2151,1936,1473,1238,1118,862,530,0,1
2017,2017-01-09,Northbound,All Vehicles,252,168,197,252,533,1511,2970,3145,2815,2370,2021,1977,1920,1816,1769,1861,1899,2006,1702,1243,1075,856,654,377,0,1
2017,2017-01-10,Northbound,All Vehicles,200,152,161,252,563,1551,2979,3189,2927,2474,2139,2010,1829,1760,1809,1820,1913,1912,1843,1310,1090,988,699,466,0,1
2017,2017-01-11,Northbound,All Vehicles,243,171,182,273,576,1602,3014,3133,2949,2454,2030,1976,1834,1804,1753,1779,1830,2059,1900,1402,1077,1004,772,486,0,1
2017,2017-01-12,Northbound,All Vehicles,242,170,171,291,586,1617,2987,3176,2977,2469,2144,2096,1955,1906,1884,1848,1872,2117,1892,1425,1159,991,814,478,0,1
2017,2017-01-13,Northbound,All Vehicles,326,214,215,283,592,1581,2890,3113,2979,2579,2099,2025,1977,1944,2003,1951,2042,2117,2005,1711,1234,1105,976,720,0,1
2017,2017-01-14,Northbound,All Vehicles,550,360,301,289,358,880,1328,1455,1870,2163,2348,2266,2452,2134,2172,1989,1956,2181,2163,1669,1311,1169,930,806,0,1
2017,2017-01-15,Northbound,All Vehicles,582,416,360,301,287,498,640,817,1149,2107,2405,2236,2263,2095,2159,1966,1957,1893,1757,1353,1156,1000,786,505,0,1
2017,2017-01-16,Northbound,All Vehicles,267,156,194,238,600,1615,3261,3389,3133,2517,2143,2026,1977,1820,1856,1771,1850,1919,1812,1355,1140,905,672,470,0,1
2017,2017-01-17,Northbound,All Vehicles,237,167,144,240,591,1716,3323,3507,3062,2563,2240,1892,1942,1802,1755,1778,1826,1994,1902,1406,1250,611,893,710,0,1
2017,2017-01-18,Northbound,All Vehicles,317,179,182,254,640,1718,3423,3353,3229,2692,2221,2014,1737,1796,1860,1869,1863,2204,1978,1516,1050,979,842,595,0,1
2017,2017-01-19,Northbound,All Vehicles,292,194,180,266,646,1729,3148,3435,3088,2674,2349,2151,2036,1812,1974,1954,2041,2232,2044,1370,1064,946,792,458,0,1
2017,2017-01-20,Northbound,All Vehicles,253,190,187,278,587,1743,3254,3329,2971,2645,2192,2010,1959,1999,1942,1895,1951,2277,2003,1523,1102,1038,898,654,0,1
2017,2017-01-21,Northbound,All Vehicles,458,294,277,297,352,934,1564,1623,1914,2249,2417,2331,2438,2298,2352,2175,2061,2203,2219,1746,1287,1173,985,771,0,1
2017,2017-01-22,Northbound,All Vehicles,596,421,382,309,315,542,662,898,1361,2211,2446,2618,2255,2283,2051,2041,2045,1983,1865,1504,1196,1101,833,542,0,1
2017,2017-01-23,Northbound,All Vehicles,249,153,177,294,584,1697,3355,3566,3150,2489,2172,1919,1871,1867,1953,1745,1820,2004,1796,1427,1087,950,634,420,0,1
2017,2017-01-24,Northbound,All Vehicles,232,155,169,282,629,1818,3475,3435,3094,2771,2220,1929,1911,1845,1704,1910,1929,2074,1775,1217,962,876,702,457,0,1
2017,2017-01-25,Northbound,All Vehicles,222,153,183,259,641,1840,3400,3512,3122,2664,2272,2155,2031,1918,1879,1942,1959,2230,2258,1806,1284,1002,862,613,0,1
2017,2017-01-27,Northbound,All Vehicles,315,200,211,300,524,1374,2327,2756,2620,2502,2284,2194,2238,2058,1992,1860,1995,2128,1857,1474,1105,1102,983,765,0,1
2017,2017-01-28,Northbound,All Vehicles,495,359,287,279,325,733,1081,1398,1787,2146,2346,2359,2275,2159,2117,2044,2021,2209,2158,1839,1296,1240,1090,832,0,1
2017,2017-01-29,Northbound,All Vehicles,532,352,344,282,307,463,647,877,1293,1977,2145,2280,2167,2111,2035,2053,2120,2206,1863,1381,1106,1009,733,474,0,1
2017,2017-01-30,Northbound,All Vehicles,280,167,172,307,590,1726,3396,3651,2986,2712,2174,1932,1815,1705,1845,1831,1802,1985,1727,1309,1061,889,623,397,0,0
2017,2017-01-31,Northbound,All Vehicles,205,165,174,260,629,1789,3489,3544,3205,2648,2109,1922,1792,1771,1879,1789,1941,2056,1852,1324,1075,909,639,436,0,0
2017,2017-02-01,Northbound,All Vehicles,217,136,186,280,618,1802,3511,3488,3291,2767,2255,2028,1858,1816,1997,1820,1972,2086,1991,1322,1040,848,744,455,0,0
2017,2017-02-02,Northbound,All Vehicles,222,168,190,293,663,1840,3396,3561,3112,2876,2264,2034,1933,1802,1880,1833,1888,2037,1794,1380,1008,913,701,502,0,0
2017,2017-02-03,Northbound,All Vehicles,252,181,194,282,648,1847,3432,3499,2972,2787,2300,2077,2024,1899,2010,1970,1993,2189,2132,1651,1242,1008,870,678,0,0
2017,2017-02-04,Northbound,All Vehicles,502,330,308,272,389,928,1528,1702,2052,2566,2667,2527,2376,2325,2165,1966,1895,2034,2067,1688,1279,1174,1008,756,0,0
2017,2017-02-05,Northbound,All Vehicles,557,346,358,325,298,521,682,1002,1327,2070,2131,2218,2123,1971,1979,1863,1945,2137,1800,1392,1344,1112,833,531,0,0
2017,2017-02-06,Northbound,All Vehicles,226,174,173,280,628,1798,3386,3555,3309,2745,2173,1881,1808,1779,1756,1827,1761,2074,1830,1196,993,866,661,394,0,0
2017,2017-02-07,Northbound,All Vehicles,212,149,167,266,639,1839,3386,3339,2903,2710,2243,2145,1847,1710,1822,1807,1905,2031,1644,1223,981,923,670,403,0,0
2017,2017-02-08,Northbound,All Vehicles,236,140,170,268,615,1807,3480,3469,3259,2787,2271,1946,1955,1878,1863,1825,1959,2100,1878,1258,1056,972,733,456,0,0
2017,2017-02-09,Northbound,All Vehicles,239,151,165,304,642,1790,3456,3619,3369,2836,2244,2045,1895,1884,1937,1946,2008,2164,2089,1472,1197,1029,792,519,0,0
2017,2017-02-10,Northbound,All Vehicles,293,194,216,306,640,1900,3446,3571,2980,2730,2096,2092,1996,1956,2069,1903,2077,2156,2038,1702,1361,1088,908,712,0,0
2017,2017-02-11,Northbound,All Vehicles,479,339,301,292,375,940,1578,1717,1965,2255,2275,2224,2216,2009,1997,1874,1921,2071,2145,1731,1472,1268,1103,839,0,0
2017,2017-02-12,Northbound,All Vehicles,550,431,355,303,298,495,696,982,1408,2200,2187,2148,2199,2083,2216,2194,2189,2307,1651,1346,1125,1022,749,534,0,0
2017,2017-02-13,Northbound,All Vehicles,238,164,165,277,627,1808,3430,3462,2999,3112,2180,1937,1920,1824,1818,1876,1942,2107,1799,1394,1091,937,642,426,0,0
2017,2017-02-14,Northbound,All Vehicles,221,157,171,289,658,1907,3508,3294,3069,3005,2114,1962,1846,1787,1873,1855,1901,2293,2119,1497,1071,947,717,461,0,0
2017,2017-02-15,Northbound,All Vehicles,268,165,164,280,652,1914,3457,3510,3053,3004,2274,2144,1859,1815,1920,1869,2000,2150,2114,1500,1100,1011,814,494,0,0
2017,2017-02-16,Northbound,All Vehicles,264,158,194,324,697,1917,3425,3457,3266,3014,2247,2033,1925,1796,1901,1833,2058,2140,2143,1509,1241,1005,734,494,0,0
2017,2017-02-17,Northbound,All Vehicles,264,193,213,288,661,1667,3468,3255,3222,2652,2219,2043,1921,1996,2090,1993,2134,2178,2214,1697,1224,1036,834,676,0,0
2017,2017-02-18,Northbound,All Vehicles,488,311,319,315,386,1051,1589,1826,2252,2412,2538,2667,2534,2391,2321,2155,2087,2249,2011,1781,1219,1048,964,804,0,0
2017,2017-02-19,Northbound,All Vehicles,632,409,349,344,320,545,689,912,1396,2278,2294,2616,2535,2238,2184,1949,2108,2030,1641,1350,1286,1037,790,588,0,0
2017,2017-02-20,Northbound,All Vehicles,300,173,184,279,629,1852,3404,3415,2967,2963,2282,1973,1832,1686,1830,1826,1846,2092,1878,1405,1091,923,714,449,0,0
2017,2017-02-21,Northbound,All Vehicles,231,151,172,280,654,1425,3549,3542,3238,2882,2236,1909,1910,1834,1960,1776,1869,2162,1919,1327,1120,937,842,513,0,0
2017,2017-02-22,Northbound,All Vehicles,243,163,160,254,666,1958,3489,3493,3328,3075,2255,2013,1832,1839,1939,1801,1936,2132,2046,1506,1185,1025,791,483,0,0
2017,2017-02-23,Northbound,All Vehicles,236,149,163,276,710,1835,3361,3074,2407,3302,2201,2100,1901,1870,1945,1917,1987,2230,2000,1608,1184,1066,737,494,0,0
2017,2017-02-24,Northbound,All Vehicles,278,184,218,298,634,1812,3410,3475,3011,2799,2263,2117,1815,1934,2095,2064,2196,2199,2351,1705,1347,1099,876,708,0,0
2017,2017-02-25,Northbound,All Vehicles,489,354,339,302,399,981,1591,1620,2084,2283,2345,2326,2377,2434,2327,2070,1941,2177,2041,1647,1217,1055,926,791,0,0
2017,2017-02-26,Northbound,All Vehicles,532,455,391,306,342,493,657,851,1393,2219,2133,2397,2536,2319,2258,2124,1986,2072,1725,1296,1110,955,690,413,0,0
2017,2017-02-27,Northbound,All Vehicles,231,155,184,253,585,1773,3434,3589,3038,2833,2190,2034,1908,1744,1797,1810,2017,2011,1692,1224,1019,870,632,442,0,0
2017,2017-02-28,Northbound,All Vehicles,194,134,163,268,661,1858,3404,3483,3060,3108,2260,2036,1901,1781,1866,1838,1950,2131,1869,1302,1106,971,709,427,0,0
2017,2017-03-01,Northbound,All Vehicles,217,153,177,264,620,1843,3259,3473,2747,3065,2422,2174,1956,1836,1795,1932,1905,2080,1857,1282,1064,958,704,453,0,0
2017,2017-03-02,Northbound,All Vehicles,243,185,189,263,597,1898,3451,3543,3101,3018,2274,2149,1881,1907,1948,1947,1942,2159,1961,1427,1199,922,823,550,0,0
2017,2017-03-03,Northbound,All Vehicles,278,191,207,280,666,1550,3238,2964,3101,2828,2287,2082,1966,1972,2050,1844,2161,2116,2044,1528,1143,957,834,590,0,0
2017,2017-03-04,Northbound,All Vehicles,441,319,302,282,370,967,1416,1616,2020,2258,2361,2432,2386,2312,2185,2027,2005,2059,2013,1597,1166,1032,881,736,0,0
2017,2017-03-05,Northbound,All Vehicles,521,388,417,338,350,524,669,839,1296,2178,2204,2367,2422,2345,2177,2018,1881,1913,1480,1173,1089,920,672,383,0,0
2017,2017-03-06,Northbound,All Vehicles,235,159,202,264,636,1813,3478,3459,3360,2666,2222,1987,1877,1781,1780,1794,1924,2016,1780,1274,1069,884,575,393,0,0
2017,2017-03-07,Northbound,All Vehicles,201,138,150,259,646,1470,3395,3362,3273,2953,2222,1917,1851,1817,1899,1796,1815,2101,1777,1376,1063,917,669,410,0,0
2017,2017-03-08,Northbound,All Vehicles,215,154,179,252,647,1891,3409,3205,3314,2988,2275,2038,1981,1839,1860,1921,2121,2145,2050,1367,1105,946,705,425,0,0
2017,2017-03-09,Northbound,All Vehicles,229,156,182,282,667,1883,3559,3564,3226,2921,2329,2007,1934,1861,1931,1956,2057,2138,2020,1520,1134,903,742,461,0,0
2017,2017-03-10,Northbound,All Vehicles,276,191,212,300,632,1910,3452,3580,2817,2727,2386,2152,2007,2004,2150,2133,2196,2293,2093,1763,1235,1001,868,727,0,0
2017,2017-03-11,Northbound,All Vehicles,532,319,340,332,354,977,1605,1788,2065,2319,2499,2647,2701,2480,2300,2095,2145,2221,2123,1638,1213,1058,953,826,0,0
2017,2017-03-12,Northbound,All Vehicles,555,455,372,333,322,490,657,918,1421,2242,2248,2514,2373,2247,2135,2101,2126,2131,1929,1353,1265,1005,725,492,0,0
2017,2017-03-13,Northbound,All Vehicles,265,160,187,283,628,1905,3428,3472,3158,2768,1978,1843,1707,1699,1755,1741,1813,1942,1683,1230,966,751,546,337,0,0
2017,2017-03-14,Northbound,All Vehicles,188,149,158,247,613,1870,2840,3507,3139,2821,2121,1924,1832,1641,1801,1684,1745,2018,1733,1171,975,824,681,383,0,0
2017,2017-03-15,Northbound,All Vehicles,213,142,168,275,615,1814,3322,3147,3181,2937,2177,1991,1830,1781,1871,1884,2023,2096,1828,1338,1106,861,700,433,0,0
2017,2017-03-16,Northbound,All Vehicles,245,160,184,280,679,1798,3320,3003,2618,3189,2442,1907,1852,1703,1800,1889,1941,1964,1853,1372,1029,863,644,454,0,0
2017,2017-03-17,Northbound,All Vehicles,214,201,163,301,608,1772,3324,3282,3137,2623,2093,1967,1923,1869,1963,1942,2083,2062,2057,1558,1177,927,821,646,0,0
2017,2017-03-18,Northbound,All Vehicles,503,321,312,329,362,937,1377,1763,1966,2197,2310,2447,2348,2233,2216,2021,1916,2105,2003,1636,1182,981,977,767,0,0
2017,2017-03-19,Northbound,All Vehicles,557,382,374,308,303,519,635,885,1314,2166,2356,2398,2377,2316,2051,2032,1950,1895,1586,1266,1155,1007,693,490,0,0
2017,2017-03-20,Northbound,All Vehicles,271,164,166,228,639,1823,3389,3508,3114,2732,2112,1882,1830,1762,1752,1733,1868,1927,1788,1273,1027,782,591,397,0,0
2017,2017-03-22,Northbound,All Vehicles,253,149,158,245,614,1896,3395,3257,3173,2987,2124,2025,1890,1689,1869,1815,1886,2040,1807,1336,1084,918,796,512,0,0
2017,2017-03-23,Northbound,All Vehicles,247,187,199,296,661,1869,3429,3455,3095,2805,2240,1933,1868,1775,1868,1911,1927,2025,1825,1391,1026,909,718,457,0,0
2017,2017-03-24,Northbound,All Vehicles,264,183,182,268,593,1830,3069,3133,3296,2776,2168,2087,1934,1949,1982,2360,2222,1884,1381,1012,906,731,305,,0,0
2017,2017-03-25,Northbound,All Vehicles,,289,309,306,375,1032,1601,1778,2012,2385,2441,2529,2460,2291,2305,2002,2013,2083,2060,1530,1177,1037,962,798,0,0
2017,2017-03-26,Northbound,All Vehicles,566,451,364,331,291,490,653,872,1353,2183,2220,2443,2437,2279,2088,1981,1971,1969,1754,1340,1249,968,700,459,0,0
2017,2017-03-27,Northbound,All Vehicles,221,156,173,263,629,1859,3340,3363,3130,2848,2187,1967,1821,1710,1710,1825,1839,1909,1711,1350,1111,836,603,389,0,0
2017,2017-03-28,Northbound,All Vehicles,184,151,165,273,608,1906,3285,3278,3325,2877,2205,1878,1940,1781,1822,1775,1927,2095,1871,1246,992,828,677,444,0,0
2017,2017-03-29,Northbound,All Vehicles,214,158,171,271,653,1824,3360,3414,3087,3048,2312,1973,1870,1694,1952,1780,2003,2054,2050,1682,1166,976,740,485,0,0
2017,2017-03-30,Northbound,All Vehicles,262,181,170,293,624,1874,3412,3439,3129,2836,2218,2035,1754,1765,1858,1873,1899,1925,1856,1237,977,827,634,431,0,0
2017,2017-03-31,Northbound,All Vehicles,296,186,170,292,614,1838,3358,3373,3083,2737,2237,1975,1996,1878,1935,2003,2047,2177,2053,1741,1254,1085,912,714,0,0
2017,2017-04-01,Northbound,All Vehicles,482,338,330,316,376,998,1617,1669,2024,2363,2391,2377,2443,2319,2227,2209,2080,2170,2286,1739,1233,984,903,729,0,0
2017,2017-04-03,Northbound,All Vehicles,132,141,168,275,623,1800,3356,3238,2979,3010,2274,1912,1798,1730,1755,1759,1870,1808,1641,1103,806,715,574,320,0,0
2017,2017-04-04,Northbound,All Vehicles,171,120,148,272,634,1870,3417,3132,2882,3184,2086,1964,1862,1776,1721,1726,1980,2137,1855,1284,1011,797,608,364,0,0
2017,2017-04-05,Northbound,All Vehicles,196,141,164,268,655,1962,3352,3116,3058,3090,2115,1937,1873,1817,1806,1882,1905,2049,1929,1363,1034,883,672,427,0,0
2017,2017-04-06,Northbound,All Vehicles,227,162,172,300,644,1962,3273,3122,3215,3212,2258,2003,1930,1865,1865,1922,1976,2184,2020,1541,1027,933,723,462,0,0
2017,2017-04-07,Northbound,All Vehicles,246,172,171,284,663,1936,3425,3258,3163,2734,2234,1981,1918,1882,2073,1972,2046,2222,2241,1764,1091,936,829,652,0,0
2017,2017-04-08,Northbound,All Vehicles,466,316,315,321,362,1051,1689,1889,2309,2436,2459,2456,2492,2395,2284,2109,2205,2231,1977,1785,1206,1019,949,762,0,1
2017,2017-04-09,Northbound,All Vehicles,535,381,338,318,330,545,715,1129,1739,2504,2272,2312,2324,2190,2068,2096,2076,1946,1676,1093,938,772,577,425,0,1
2017,2017-04-10,Northbound,All Vehicles,225,142,161,270,620,1831,3404,3191,2874,2824,2240,2104,1902,1825,1839,1763,1813,1874,1841,1342,943,783,570,397,0,1
2017,2017-04-11,Northbound,All Vehicles,211,140,164,272,606,1809,3313,3339,3124,2770,2306,2059,1828,1806,1845,1790,1916,2144,1819,1351,1018,929,624,394,0,1
2017,2017-04-12,Northbound,All Vehicles,211,154,188,259,680,1898,3377,3218,3072,2842,2207,2189,1921,1936,1966,1961,1907,1984,2080,1469,1013,892,641,407,0,1
2017,2017-04-13,Northbound,All Vehicles,239,149,149,289,624,1909,2751,2817,3067,2904,2204,2144,2138,2045,2004,1987,2033,2202,2068,1599,1193,1013,784,581,0,1
2017,2017-04-15,Northbound,All Vehicles,280,175,165,200,290,597,873,1320,1678,2079,2149,2334,2219,2108,1888,1780,1695,1850,1765,1164,892,884,955,742,0,1
2017,2017-04-16,Northbound,All Vehicles,421,291,245,264,253,393,465,758,1042,1664,1573,1717,1817,1664,1458,1605,1711,1747,1584,1206,982,835,706,422,1,1
2017,2017-04-18,Northbound,All Vehicles,156,124,159,258,618,1743,3192,3313,2597,2675,2143,1973,1908,1818,1872,1712,1843,2075,1726,1240,911,785,612,381,0,1
2017,2017-04-19,Northbound,All Vehicles,186,141,149,248,642,1650,3342,3258,2754,2586,2198,2021,1968,1830,1847,1831,1923,2001,1836,1317,920,844,677,361,0,1
2017,2017-04-20,Northbound,All Vehicles,250,151,173,282,626,1294,3036,3327,2927,2592,2271,1982,1816,1932,1951,1847,1947,2214,1932,1448,1043,934,683,452,0,1
2017,2017-04-21,Northbound,All Vehicles,236,182,177,294,616,1794,3242,3227,2768,2618,2131,2150,1994,1937,1966,1935,2066,1961,1940,1486,1067,879,766,697,0,1
2017,2017-04-22,Northbound,All Vehicles,386,321,270,307,378,972,1504,1770,2097,2278,2329,2488,2286,2274,2235,2055,1925,2018,2080,1502,994,947,966,663,0,1
2017,2017-04-23,Northbound,All Vehicles,445,358,319,291,319,525,644,974,1533,2231,2156,2283,2264,2095,2045,1878,1889,1977,1631,1165,943,791,637,440,0,1
2017,2017-04-24,Northbound,All Vehicles,221,149,168,256,533,1444,2616,2920,2506,2384,2161,2141,1964,1940,1889,1818,1926,2004,1903,1393,966,897,728,421,0,1
2017,2017-04-26,Northbound,All Vehicles,169,124,141,256,623,1905,3328,3194,3146,2974,2334,1984,1908,1753,1847,1779,1902,2025,1862,1376,959,837,630,352,0,0
2017,2017-04-27,Northbound,All Vehicles,174,142,165,259,635,1926,3439,3069,3255,2847,2196,2037,1914,1762,1873,1797,2039,2148,1917,1376,1078,897,696,423,0,0
2017,2017-04-28,Northbound,All Vehicles,226,166,178,282,615,1897,3393,3274,3163,2586,2202,1983,1910,1845,1934,1857,2097,2019,2013,1591,1075,972,856,622,0,0
2017,2017-04-29,Northbound,All Vehicles,467,316,282,271,370,1012,1639,1844,2035,2368,2350,2443,2321,2422,2191,2133,1909,2196,2205,1611,1056,937,886,630,0,0
2017,2017-04-30,Northbound,All Vehicles,480,376,292,280,296,532,602,957,1415,2172,2073,2302,2188,2243,2081,2012,1918,1873,1572,1116,946,789,581,363,0,0
2017,2017-05-01,Northbound,All Vehicles,201,147,167,250,597,1832,3242,3206,3090,2823,2116,1895,1808,1776,1689,1737,1859,1853,1787,1359,944,795,571,359,0,0
2017,2017-05-02,Northbound,All Vehicles,170,131,138,244,654,1823,3381,3383,2617,3065,2153,1971,1757,1793,1762,1770,1887,2081,1763,1348,964,859,599,372,0,0
2017,2017-05-03,Northbound,All Vehicles,186,162,149,264,649,1790,3426,3266,3197,2957,2293,2012,1770,1782,1670,1711,2001,2030,1885,1378,949,873,664,412,0,0
2017,2017-05-04,Northbound,All Vehicles,188,169,160,270,631,1863,3263,3090,3304,3008,2139,1999,1883,1806,1857,1785,1972,2099,1828,1344,997,925,722,466,0,0
2017,2017-05-05,Northbound,All Vehicles,237,188,196,289,619,1859,3121,3205,3248,2677,2235,2018,1891,1889,2036,1875,1985,2088,2005,1621,1118,966,781,659,0,0
2017,2017-05-06,Northbound,All Vehicles,450,343,312,308,357,1043,1507,1968,2211,2333,2414,2332,2561,2382,2182,2140,2049,2326,2235,1496,1108,973,923,647,0,0
2017,2017-05-07,Northbound,All Vehicles,555,384,343,300,308,487,635,1047,1550,2273,2295,2391,2322,2231,2121,2103,2045,1985,1715,1138,1001,868,624,354,0,0
2017,2017-05-08,Northbound,All Vehicles,226,166,154,268,611,1799,3433,3152,3238,2770,2113,1916,1775,1751,1809,1820,1825,1922,1718,1216,941,783,575,347,0,0
2017,2017-05-09,Northbound,All Vehicles,179,143,144,278,638,1897,3411,3132,3199,2944,2091,1952,1833,1839,1709,1759,1868,2059,1838,1271,957,882,587,382,0,0
2017,2017-05-10,Northbound,All Vehicles,234,160,164,270,649,1833,3431,3228,3018,2865,2138,1964,1719,1809,1872,1804,1989,2103,1925,1350,1004,892,753,395,0,0
2017,2017-05-11,Northbound,All Vehicles,212,151,171,298,657,1867,3308,3346,3019,2836,2150,2065,1808,1815,1819,1845,2053,2084,1940,1369,993,921,661,500,0,0
2017,2017-05-12,Northbound,All Vehicles,278,196,208,291,636,1882,3283,3278,3004,2735,2204,1982,1950,1905,1960,1849,1939,2079,2158,1555,1183,928,835,635,0,0
2017,2017-05-13,Northbound,All Vehicles,412,306,315,312,394,1009,1506,1845,2144,2409,2494,2459,2356,2330,2195,2021,2070,2298,2115,1427,1066,964,872,703,0,0
2017,2017-05-14,Northbound,All Vehicles,532,335,298,254,331,494,657,951,1460,2202,2128,2446,2462,2173,1947,1991,2081,2194,1834,1264,1031,905,621,414,0,0
2017,2017-05-15,Northbound,All Vehicles,202,129,151,253,653,1808,3332,3353,3093,2664,2068,1908,1783,1821,1725,1720,1870,1954,1632,1134,825,727,560,340,0,0
2017,2017-05-16,Northbound,All Vehicles,169,128,150,241,636,1884,3339,3057,3192,2923,2117,1949,1883,1679,1838,1730,1903,2088,1787,1278,937,782,723,437,0,0
2017,2017-05-17,Northbound,All Vehicles,214,174,145,272,665,1909,3301,3237,3067,2843,2333,2001,1887,1806,1876,1833,2010,2088,2007,1342,960,815,787,457,0,0
2017,2017-05-18,Northbound,All Vehicles,237,167,164,309,606,1848,3406,3399,3097,2873,2141,1962,1874,1810,1847,1837,1992,2051,1827,1306,1036,912,694,484,0,0
2017,2017-05-19,Northbound,All Vehicles,250,190,220,270,652,1876,3297,3327,2972,2834,2159,1984,1870,1859,1933,1883,1878,2049,2004,1499,1065,885,824,599,0,0
2017,2017-05-20,Northbound,All Vehicles,409,297,287,310,356,901,1413,1706,2030,2178,2276,2387,2384,2317,2249,1994,1980,2215,2157,1423,1034,993,896,690,0,0
2017,2017-05-21,Northbound,All Vehicles,512,402,369,358,320,547,670,997,1431,2212,2213,2424,2383,2237,2151,2004,1986,2002,1662,1156,893,773,622,384,0,0
2017,2017-05-22,Northbound,All Vehicles,206,159,157,268,639,1775,3229,3175,3201,2613,2117,1929,1759,1718,1785,1776,1840,2021,1728,1269,927,708,577,315,0,0
2017,2017-05-23,Northbound,All Vehicles,169,144,141,249,632,1790,3178,3195,3292,2833,2075,1843,1715,1716,1728,1749,1870,2089,1797,1248,935,783,653,334,0,0
2017,2017-05-24,Northbound,All Vehicles,189,160,160,260,678,1791,3341,3308,3113,2818,2106,1876,1872,1825,1791,1926,2062,2099,1916,1348,1051,797,689,397,0,0
2017,2017-05-25,Northbound,All Vehicles,221,171,170,291,682,1584,2318,1741,1268,2492,1986,1825,1803,1786,1744,1885,1873,2075,1890,1386,1045,917,730,478,0,0
2017,2017-05-26,Northbound,All Vehicles,256,195,195,296,629,1874,3228,3140,3086,2803,2249,2092,1983,1788,1931,1883,1659,1923,2007,1718,1133,921,834,652,0,0
2017,2017-05-27,Northbound,All Vehicles,460,356,345,325,347,1008,1568,1764,2073,2252,2390,2346,2457,2308,2317,2104,2094,2166,2137,1452,1049,907,919,715,0,0
2017,2017-05-28,Northbound,All Vehicles,509,392,344,301,285,530,655,965,1454,2298,2210,2337,2336,2204,2029,2091,2033,1997,1633,1126,949,816,594,332,0,0
2017,2017-05-29,Northbound,All Vehicles,205,161,162,261,632,1790,3372,3110,3004,2812,2196,2210,1951,1723,1801,1646,1865,2001,1624,1176,879,717,537,323,0,0
2017,2017-05-30,Northbound,All Vehicles,183,130,167,267,622,1856,3417,3054,3099,2866,2225,1961,1848,1818,1841,1846,1950,2043,1772,1315,956,812,657,376,0,0
2017,2017-05-31,Northbound,All Vehicles,188,156,174,264,632,1836,3298,2982,3022,2904,2163,1969,1882,1800,1851,1736,1994,2061,1829,1176,790,704,716,467,0,0
2017,2017-06-01,Northbound,All Vehicles,252,157,178,288,590,1780,3394,3012,2622,2867,2179,2014,1872,1846,1975,1770,2007,2149,1858,1400,1021,850,677,404,0,0
2017,2017-06-02,Northbound,All Vehicles,258,181,206,267,606,1832,3311,3243,2921,2771,2089,2051,1874,1969,1997,1919,1902,2121,2242,1536,1072,894,866,611,0,0
2017,2017-06-03,Northbound,All Vehicles,456,340,291,296,349,944,1519,1866,2106,2263,2338,2219,2445,2343,2213,2003,2100,2208,2022,1514,1030,880,880,653,0,0
2017,2017-06-04,Northbound,All Vehicles,486,365,344,331,313,514,669,957,1438,2198,2143,2323,2373,2192,2041,1890,1956,2018,1559,1068,943,786,562,342,0,0
2017,2017-06-05,Northbound,All Vehicles,205,157,161,234,603,1781,3363,3242,3182,2829,2150,1794,1761,1699,1745,1750,1863,1930,1664,1197,793,700,605,349,0,0
2017,2017-06-06,Northbound,All Vehicles,183,129,158,257,618,1812,3506,3160,2861,2863,2116,1956,1792,1701,1728,1719,1943,1957,1828,1180,930,826,584,307,0,0
2017,2017-06-07,Northbound,All Vehicles,217,130,168,244,640,1791,3364,3405,3059,2819,2092,1814,1735,1751,1829,1741,1814,1958,1662,1077,904,785,613,377,0,0
2017,2017-06-08,Northbound,All Vehicles,228,184,178,264,596,1827,3272,3285,3143,2795,2246,1886,1857,1677,1828,1889,1920,2046,1819,1311,947,850,701,474,0,0
2017,2017-06-09,Northbound,All Vehicles,286,185,233,299,570,1660,3196,3158,2943,2678,2230,2005,1896,1934,1886,1828,2006,1964,1863,1364,964,883,785,600,0,0
2017,2017-06-10,Northbound,All Vehicles,395,310,306,289,293,707,996,1411,1858,2126,2213,2366,2307,2234,2139,1886,1933,1957,1849,1235,914,920,792,587,0,0
2017,2017-06-11,Northbound,All Vehicles,466,329,313,299,291,487,555,843,1250,1979,2105,2146,2271,2146,1970,1885,1820,1906,1645,1158,974,852,718,524,0,0
2017,2017-06-13,Northbound,All Vehicles,158,146,172,248,599,1606,3108,3373,3147,2817,2199,1953,1842,1736,1847,1704,1909,2018,1649,1179,928,821,619,368,0,0
2017,2017-06-14,Northbound,All Vehicles,194,147,147,254,669,1743,3450,3081,3105,3019,2253,2018,1819,1799,1787,1804,1926,2150,1872,1310,906,887,643,388,0,0
2017,2017-06-15,Northbound,All Vehicles,216,156,201,286,623,1839,3397,3082,3277,2694,2138,1951,1991,1787,1793,1868,1888,2188,2011,1435,941,853,680,402,0,0
2017,2017-06-16,Northbound,All Vehicles,278,197,196,274,644,1833,3391,3407,2913,2706,2209,1960,1929,1847,1946,1942,1990,2206,2221,1570,1058,904,837,647,0,0
2017,2017-06-17,Northbound,All Vehicles,448,372,329,342,367,1005,1561,1832,2069,2184,2343,2337,2418,2320,2326,2023,1981,2201,2089,1494,994,947,969,673,0,0
2017,2017-06-18,Northbound,All Vehicles,477,364,369,304,296,548,634,991,1520,2345,2250,2414,2367,2201,1976,1907,1900,1834,1512,1151,880,816,557,345,0,0
2017,2017-06-19,Northbound,All Vehicles,226,160,164,244,610,1755,3368,3342,3175,2750,2088,1955,1775,1752,1784,1694,1879,1931,1666,1220,903,756,599,442,0,0
2017,2017-06-20,Northbound,All Vehicles,204,144,165,274,654,1800,3207,3123,3136,2950,2167,1925,1828,1730,1751,1733,1856,2039,1760,1252,983,848,700,420,0,0
2017,2017-06-21,Northbound,All Vehicles,205,158,202,285,595,1829,3389,3098,2791,3156,2160,1915,1850,1835,1778,1841,1954,2115,1860,1303,848,713,791,517,0,0
2017,2017-06-22,Northbound,All Vehicles,299,220,196,313,661,1805,3474,3269,3032,2734,2174,1881,1960,1794,1814,1862,2024,2116,1982,1397,1108,898,702,458,0,0
2017,2017-06-23,Northbound,All Vehicles,252,197,220,290,589,1844,3289,3341,2972,2727,2170,2055,1904,1897,1832,1890,2014,2120,2106,1646,1097,921,860,661,0,0
2017,2017-06-24,Northbound,All Vehicles,462,355,317,324,412,1141,1710,2001,2389,2502,2483,2475,2549,2459,2344,2222,1884,2389,2289,1535,1172,1005,985,748,0,0
2017,2017-06-25,Northbound,All Vehicles,504,367,353,304,328,624,726,1138,1773,2444,2323,2592,2450,2203,2088,2047,2072,2159,1722,1270,946,902,649,397,0,0
2017,2017-06-26,Northbound,All Vehicles,202,153,173,253,588,1747,3335,2992,2997,2897,2184,1904,1717,1792,1783,1719,1841,1921,1683,1239,979,721,577,301,0,0
2017,2017-06-27,Northbound,All Vehicles,161,142,154,270,614,1825,3307,3087,3061,2802,2150,2027,1824,1738,1796,1664,1910,2055,1718,1263,923,803,581,337,0,0
2017,2017-06-28,Northbound,All Vehicles,195,156,179,231,639,1835,3536,3442,2807,2676,2173,2080,1718,1597,1803,1795,1840,2116,1854,1302,952,877,669,390,0,0
2017,2017-06-29,Northbound,All Vehicles,221,172,196,284,669,1852,3479,2886,3114,2825,2171,2039,1836,1782,1888,1878,1980,2076,1897,1531,1043,914,703,448,0,0
2017,2017-06-30,Northbound,All Vehicles,75,226,210,259,636,1766,3367,3226,2742,2612,2357,2059,1998,1914,1985,1871,2106,2153,2128,1622,1054,1004,890,700,0,0
2017,2017-07-01,Northbound,All Vehicles,494,375,327,311,376,953,1557,1718,1971,2301,2255,2361,2477,2342,2155,2099,2040,2154,2008,1426,1077,870,812,654,0,1
2017,2017-07-02,Northbound,All Vehicles,465,343,348,268,313,539,665,953,1471,2214,2159,2384,2269,2207,2080,1888,2042,1940,1661,1257,943,819,599,345,0,1
2017,2017-07-03,Northbound,All Vehicles,203,118,180,261,578,1707,3293,3100,2941,2475,2122,2010,1843,1805,1729,1755,1678,1878,1695,1146,902,767,582,333,0,1
2017,2017-07-04,Northbound,All Vehicles,170,121,164,274,610,1736,3283,3302,2777,2674,2366,2155,1837,1913,1762,1670,1917,2004,1848,1319,952,789,615,385,0,1
2017,2017-07-05,Northbound,All Vehicles,191,142,150,262,610,1732,3411,3181,2849,2605,2259,2128,1944,1906,1909,1842,1945,2069,1814,1385,927,918,670,405,0,1
2017,2017-07-06,Northbound,All Vehicles,193,172,185,282,644,1795,3335,3145,2799,2621,2174,2196,1989,1894,1858,1836,1964,1981,1878,1377,1013,933,680,460,0,1
2017,2017-07-07,Northbound,All Vehicles,265,181,202,264,649,1745,3264,2953,2866,2551,2250,2087,2067,1909,1971,1889,1994,2106,2028,1607,1047,966,807,580,0,1
2017,2017-07-08,Northbound,All Vehicles,442,318,290,300,359,956,1475,1600,1803,2263,2260,2371,2470,2241,2072,2135,1961,2106,1864,1426,1045,956,841,669,0,1
2017,2017-07-09,Northbound,All Vehicles,540,364,339,310,312,514,648,882,1410,2156,2072,2330,2344,2343,2109,1960,1921,2058,1540,1176,891,818,606,337,0,1
2017,2017-07-10,Northbound,All Vehicles,190,140,172,253,614,1686,3195,3126,2881,2470,2127,2038,1906,1667,1831,1837,1761,1834,1708,1189,906,699,557,362,0,1
2017,2017-07-11,Northbound,All Vehicles,166,128,160,239,621,1698,3323,3167,2893,2515,2173,2011,1934,1875,1791,1776,1811,2066,1775,1222,952,832,622,374,0,1
2017,2017-07-12,Northbound,All Vehicles,206,137,152,257,645,1710,3292,3130,3135,2647,2230,2028,1923,1878,1741,1747,1675,1941,1811,1168,796,696,766,442,0,1
2017,2017-07-13,Northbound,All Vehicles,238,139,164,272,598,1695,3139,3056,2934,2571,2249,2004,1987,1904,1834,1856,1907,2095,1848,1325,940,894,662,437,0,1
2017,2017-07-14,Northbound,All Vehicles,263,202,192,264,635,1692,3180,3176,3027,2612,2238,2081,1980,1986,1839,1994,1915,2006,2064,1542,1040,935,885,688,0,1
2017,2017-07-15,Northbound,All Vehicles,412,305,309,309,356,964,1552,1590,1889,2154,2294,2413,2389,2345,2282,2053,1933,2030,2113,1425,1032,894,886,666,0,1
2017,2017-07-16,Northbound,All Vehicles,467,334,313,299,290,544,658,928,1537,2159,2272,2350,2297,2260,2124,2021,1976,2032,1658,1120,978,806,629,370,0,1
2017,2017-07-17,Northbound,All Vehicles,158,146,173,245,585,1648,3305,3415,2777,2580,2060,1836,1835,1780,1744,1711,1869,1870,1631,1185,862,769,597,319,0,1
2017,2017-07-18,Northbound,All Vehicles,172,150,142,226,587,1778,3387,3227,3047,2703,2096,1798,1786,1748,1667,1726,1818,2062,1769,1262,898,863,678,386,0,0
2017,2017-07-19,Northbound,All Vehicles,207,136,182,264,619,1794,3292,3447,2355,2948,2096,1933,1811,1770,1897,1768,1981,2049,1957,1259,935,819,622,382,0,0
2017,2017-07-20,Northbound,All Vehicles,234,172,192,290,641,1756,3343,3182,2951,2713,2195,1976,1883,1737,1822,1809,2005,2010,1833,1316,1115,944,719,509,0,0
2017,2017-07-21,Northbound,All Vehicles,280,183,193,290,634,1768,3242,3284,2893,2669,2162,2011,1877,1877,1886,1917,2004,2027,1983,1475,1133,927,842,682,0,0
2017,2017-07-22,Northbound,All Vehicles,442,316,304,332,369,980,1573,1756,2009,2210,2271,2435,2417,2364,2236,2020,1953,2200,2231,1520,1019,817,854,636,0,0
2017,2017-07-23,Northbound,All Vehicles,466,353,340,281,293,515,654,929,1308,2067,2025,2337,2393,2195,2028,1913,1963,1988,1711,1238,942,773,636,374,0,0
2017,2017-07-24,Northbound,All Vehicles,184,137,163,227,591,1655,3388,3319,2928,2595,2060,1813,1777,1801,1758,1667,1773,1905,1684,1241,930,732,654,370,0,0
2017,2017-07-25,Northbound,All Vehicles,177,128,150,251,610,1782,3392,3275,3101,2686,2053,1856,1766,1768,1679,1646,1825,2036,1801,1221,926,838,758,414,0,0
2017,2017-07-26,Northbound,All Vehicles,222,153,149,248,663,1800,3399,3043,2826,2745,2080,1929,1835,1723,1872,1774,1945,2146,1825,1272,942,888,723,482,0,0
2017,2017-07-27,Northbound,All Vehicles,293,185,188,293,643,1765,3325,3317,3028,2964,2165,1936,1790,1823,1767,1857,2011,2086,1889,1384,1087,896,738,451,0,0
2017,2017-07-28,Northbound,All Vehicles,269,204,197,256,603,1749,3319,3290,3030,2698,2196,2067,1899,1839,1996,1899,1992,2169,1978,1616,1163,965,917,650,0,0
2017,2017-07-29,Northbound,All Vehicles,480,314,300,353,379,1000,1625,1817,2186,2440,2559,2468,2482,2150,2286,2063,2205,2202,2261,1613,1099,989,945,718,0,0
2017,2017-07-30,Northbound,All Vehicles,502,374,339,312,301,584,649,944,1509,2246,2235,2274,2290,2218,2065,2050,2087,2072,1871,1201,1032,847,592,392,0,0
2017,2017-07-31,Northbound,All Vehicles,202,145,174,243,617,1647,3347,3426,3033,2639,2031,1865,1792,1683,1584,1732,1705,1864,1517,1080,794,747,563,303,0,0
2017,2017-08-01,Northbound,All Vehicles,159,135,170,242,576,1772,3363,3246,3142,2667,1961,1851,1890,1754,1725,1767,1905,2024,1707,1273,904,874,595,370,0,0
2017,2017-08-02,Northbound,All Vehicles,169,155,180,247,642,1794,3327,3400,3002,2712,2077,1998,1890,1776,1788,1857,2014,2049,1849,1242,999,788,654,411,0,0
2017,2017-08-03,Northbound,All Vehicles,202,172,181,277,647,1731,3363,3407,3081,2680,2083,2058,1931,1785,1794,1842,1971,2020,1681,1171,981,880,670,432,0,0
2017,2017-08-04,Northbound,All Vehicles,237,178,194,257,611,1823,3195,3234,3092,2716,2201,2106,1931,1850,1908,1789,1985,1954,2222,1487,1166,940,867,669,0,0
2017,2017-08-05,Northbound,All Vehicles,416,314,326,294,389,971,1579,1787,2215,2421,2320,2415,2396,2280,2238,1957,2024,2087,2061,1608,1084,971,920,761,0,0
2017,2017-08-06,Northbound,All Vehicles,492,391,322,328,297,541,716,984,1501,2198,2120,2296,2369,2183,1944,1920,1962,2006,1678,1171,975,888,599,398,0,0
2017,2017-08-07,Northbound,All Vehicles,208,158,184,243,586,1690,3433,3347,3013,2628,2134,1904,1875,1746,1736,1751,1806,1867,1650,1277,940,745,543,326,0,0
2017,2017-08-08,Northbound,All Vehicles,163,133,148,279,623,1825,3321,3158,3255,2843,2100,1877,1834,1709,1660,1751,1832,1952,1806,1154,959,832,549,381,0,0
2017,2017-08-09,Northbound,All Vehicles,211,161,155,248,643,1841,3434,3317,3291,3140,2132,1895,1846,1811,1775,1826,1939,2010,1884,1336,905,896,628,392,0,0
2017,2017-09-08,Northbound,All Vehicles,255,177,216,301,640,1813,3348,3199,2750,2743,2251,2084,1913,1845,1884,1864,2008,2139,2180,1584,1112,919,881,692,0,0
2017,2017-09-09,Northbound,All Vehicles,437,301,324,284,393,914,1649,1829,2000,2354,2335,2262,2440,2237,2210,2109,1949,2160,2031,1450,1057,952,852,656,0,0
2017,2017-09-10,Northbound,All Vehicles,530,378,376,347,294,527,683,936,1459,2378,2196,2357,2387,2232,2018,2000,1877,1971,1693,1200,971,846,606,364,0,0
2017,2017-09-11,Northbound,All Vehicles,226,137,174,245,629,1696,3416,2938,3010,2916,2075,1921,1785,1761,1694,1660,1805,1952,1770,1260,845,747,541,327,0,0
2017,2017-09-12,Northbound,All Vehicles,166,165,168,251,611,1874,3177,3398,3284,2921,2155,1873,1849,1769,1714,1770,1854,2058,1859,1272,919,844,599,368,0,0
2017,2017-09-13,Northbound,All Vehicles,188,151,184,274,650,1877,3452,3342,3100,2787,2078,1875,1832,1699,1778,1666,1890,1957,1969,1309,957,857,612,383,0,0
2017,2017-09-14,Northbound,All Vehicles,222,166,168,278,668,1827,3364,2248,3290,2848,2106,1975,1790,1810,1859,1814,1863,1954,1969,1356,1017,869,718,410,0,0
2017,2017-09-15,Northbound,All Vehicles,272,192,209,271,683,1844,3527,3273,3060,2733,2233,1924,1868,1868,1945,1807,2058,2144,2018,1598,1132,904,782,662,0,0
2017,2017-09-16,Northbound,All Vehicles,446,347,329,342,351,957,1693,1697,2125,2313,2338,2469,2244,2157,2029,1969,2004,1959,2018,1470,1051,892,920,703,0,0
2017,2017-09-17,Northbound,All Vehicles,473,405,345,266,322,562,763,1039,1656,2293,2231,2326,2288,2303,2178,1928,1989,1954,1814,1195,937,878,634,409,0,0
2017,2017-09-18,Northbound,All Vehicles,221,152,143,246,633,1753,3442,3397,3036,2775,2143,1929,1788,1691,1741,1790,1765,1928,1751,1272,992,722,591,421,0,0
2017,2017-09-19,Northbound,All Vehicles,207,158,163,295,626,1838,3485,3394,3093,2813,2180,1866,1815,1759,1828,1740,1835,1941,1794,1238,1027,798,667,438,0,0
2017,2017-09-20,Northbound,All Vehicles,227,176,159,236,682,1904,3469,3356,2987,2804,2152,2055,1813,1809,1882,1846,1794,2169,1974,1297,968,837,760,467,0,0
2017,2017-09-21,Northbound,All Vehicles,251,182,195,315,680,1847,3398,3375,3129,2708,2200,2071,1908,1769,1890,1824,2008,2092,1953,1364,1099,884,685,473,0,0
2017,2017-09-22,Northbound,All Vehicles,266,192,200,310,669,1874,3404,2966,3073,2668,2266,2061,1962,1860,1918,1963,2089,2123,2134,1713,1137,969,843,661,0,0
2017,2017-09-23,Northbound,All Vehicles,437,344,342,327,381,961,1715,1814,2121,2465,2386,2402,2224,2055,1997,2012,2120,2095,2161,1646,1122,994,998,826,0,1
2017,2017-09-24,Northbound,All Vehicles,484,380,392,336,339,542,705,1097,1548,2281,2213,2302,2143,2142,1980,1966,1900,1862,1690,1257,1031,897,722,423,0,1
2017,2017-09-25,Northbound,All Vehicles,220,173,169,258,616,1789,3345,3370,2974,2563,2171,2016,1917,1776,1748,1738,1792,1889,1815,1319,1068,786,607,351,0,1
2017,2017-09-26,Northbound,All Vehicles,196,142,169,241,621,1868,2664,3354,3081,2659,2329,2021,1959,1833,1832,1743,1820,2072,1950,1403,971,900,646,451,0,1
2017,2017-09-27,Northbound,All Vehicles,249,157,188,265,647,1828,3428,3272,2904,2562,2135,2024,1953,1929,1834,1883,1887,2153,2068,1346,1003,843,670,473,0,1
2017,2017-09-28,Northbound,All Vehicles,235,184,195,296,649,1889,3432,3332,2925,2734,2137,2134,2009,1860,1850,1938,1926,2121,2037,1441,1066,922,733,487,0,1
2017,2017-09-29,Northbound,All Vehicles,276,188,205,271,624,1796,3374,2986,2913,2571,2192,2041,1999,1962,1875,1898,2002,2145,2202,1731,1160,966,817,663,0,1
2017,2017-09-30,Northbound,All Vehicles,499,312,344,281,343,770,1123,1544,1916,2207,2276,2326,2282,2198,1905,1829,1669,1948,1947,1444,1105,895,853,673,0,1
2017,2017-10-01,Northbound,All Vehicles,488,390,,348,349,487,607,793,1145,1758,1908,2114,2131,2028,1849,1773,1682,1796,1582,1255,1011,965,930,686,0,1
2017,2017-10-03,Northbound,All Vehicles,229,154,184,252,526,1445,2760,3174,3075,2626,2211,1931,1932,1922,1869,1791,1806,1966,1668,1303,1011,868,582,408,0,1
2017,2017-10-04,Northbound,All Vehicles,191,158,164,233,602,1728,3284,3288,3027,2624,2268,2162,1928,1848,1870,1839,1886,2118,1940,1342,1056,901,700,454,0,1
2017,2017-10-05,Northbound,All Vehicles,242,178,171,266,595,1773,3316,3298,3040,2689,2105,2156,2002,1804,1749,2026,1958,2172,2000,1480,1121,945,733,518,0,1
2017,2017-10-06,Northbound,All Vehicles,268,197,197,268,587,1723,3268,3059,3008,2568,2214,2111,2176,1952,1923,1989,1979,2422,2113,1745,1257,1013,885,673,0,1
2017,2017-10-07,Northbound,All Vehicles,498,321,327,296,358,985,1567,1678,1987,2195,2413,2423,2338,2206,2116,1944,2084,2100,2016,1687,1222,1059,968,785,0,1
2017,2017-10-08,Northbound,All Vehicles,531,389,343,318,297,551,627,902,1290,2035,2117,2380,2451,2217,2085,2073,1823,1854,1466,1177,999,867,619,425,0,1
2017,2017-10-09,Northbound,All Vehicles,232,154,186,276,579,1662,3056,3016,3314,2695,2180,1772,1788,1746,1780,1742,1833,1944,1701,1374,1022,878,572,438,0,0
2017,2017-10-10,Northbound,All Vehicles,205,153,169,254,581,1839,3343,2773,3254,3041,2243,2026,1803,1826,1757,1751,1838,2080,1751,1321,959,868,607,442,0,0
2017,2017-10-11,Northbound,All Vehicles,237,163,156,254,651,1900,3367,3315,3035,2894,2256,2007,1806,1768,1758,1963,2007,2006,1903,1467,1091,898,660,483,0,0
2017,2017-10-12,Northbound,All Vehicles,235,204,214,253,617,1884,3178,3089,3310,2983,2260,1925,1939,1809,1918,1904,2013,2086,1935,1556,1132,940,744,486,0,0
2017,2017-10-13,Northbound,All Vehicles,290,218,220,259,602,1841,3415,3223,3116,2702,2186,1986,2033,1939,1950,1882,2102,2222,2066,1684,1221,1043,878,703,0,0
2017,2017-10-14,Northbound,All Vehicles,499,340,333,289,368,957,1811,1700,2082,2317,2439,2366,2485,2271,2203,2091,1865,2111,1987,1580,1125,1063,901,711,0,0
2017,2017-10-15,Northbound,All Vehicles,567,416,385,311,271,510,642,834,1348,2356,2379,2464,2346,2181,1931,1955,1864,1959,1727,1250,1080,922,674,519,0,0
2017,2017-10-16,Northbound,All Vehicles,285,172,188,260,624,1812,3313,3180,3067,2841,2205,1879,1814,1742,1776,1687,1852,2005,1691,1237,1055,809,732,416,0,0
2017,2017-10-17,Northbound,All Vehicles,233,155,217,298,626,1909,3430,3468,3242,2688,2106,2009,1863,1832,1782,1784,1791,2017,1766,1267,1011,893,793,559,0,0
2017,2017-10-18,Northbound,All Vehicles,311,200,195,276,643,1871,3490,3348,3097,2834,2141,2004,1867,1768,1795,1822,1883,2020,1924,1408,1122,874,763,477,0,0
2017,2017-10-19,Northbound,All Vehicles,278,169,205,285,627,1947,3476,3287,3165,2820,2243,2065,1974,1804,1845,1879,1921,2075,1873,1580,1137,966,730,538,0,0
2017,2017-10-20,Northbound,All Vehicles,276,159,214,281,619,1748,3100,3086,2894,2797,2211,1931,1884,1866,1983,1721,1870,2082,1948,1588,1133,944,860,668,0,0
2017,2017-10-21,Northbound,All Vehicles,465,295,306,284,345,1000,1721,1747,2200,2479,2550,2558,2465,2249,2381,2218,2053,2211,2139,1703,1234,1040,955,736,0,0
2017,2017-10-22,Northbound,All Vehicles,622,423,337,327,311,543,706,949,1394,2359,2314,2635,2397,2319,2264,2019,2009,1869,1585,1293,1027,858,598,460,0,0
2017,2017-10-23,Northbound,All Vehicles,246,128,166,255,578,1701,3321,3426,2933,2623,2026,1874,1942,1742,1859,1729,1814,1930,1680,1310,1101,800,576,385,0,0
2017,2017-10-24,Northbound,All Vehicles,215,140,166,256,599,1822,3508,3400,3043,2756,2104,1955,1899,1761,1867,1709,1772,2004,1718,1361,1064,921,661,418,0,0
2017,2017-10-25,Northbound,All Vehicles,280,146,184,239,606,1870,3416,3406,3093,2707,2284,1921,1838,1802,1832,1947,1933,2137,1956,1351,1025,942,710,496,0,0
2017,2017-10-26,Northbound,All Vehicles,297,183,182,270,626,1878,3596,3321,2969,2810,2139,1962,1887,1814,1874,1918,1955,2155,1824,1343,1045,999,723,518,0,0
2017,2017-10-27,Northbound,All Vehicles,298,199,199,276,621,1814,3228,2874,2930,2961,2290,2175,1990,1836,1910,1934,1992,2153,2014,1619,1155,953,879,736,0,0
2017,2017-10-28,Northbound,All Vehicles,496,346,292,294,374,1040,1686,1701,2120,2418,2446,2305,2396,2324,2106,2016,2014,2129,2015,1665,1251,1077,988,804,0,0
2017,2017-10-29,Northbound,All Vehicles,595,443,356,399,338,555,715,961,1379,2143,2237,2280,2180,2107,2017,1931,1856,2053,1959,1456,1171,1058,677,483,0,0
2017,2017-10-30,Northbound,All Vehicles,242,155,172,263,604,1804,3392,3446,3079,2691,2004,1982,1759,1736,1750,1757,1866,1941,1686,1203,943,870,601,354,0,0
2017,2017-10-31,Northbound,All Vehicles,187,153,187,262,597,1878,3491,3231,3079,2773,2155,1969,1839,1753,1768,1763,2056,1909,1741,1307,1026,932,676,418,0,0
2017,2017-11-01,Northbound,All Vehicles,233,170,179,246,608,1899,3523,3077,3140,2807,2289,2026,1894,1771,1906,1878,1968,2031,1888,1310,1061,959,770,462,0,0
2017,2017-11-02,Northbound,All Vehicles,225,174,203,259,645,1835,3423,3101,3124,2810,2208,2077,1931,1846,1844,1880,2008,2025,1923,1457,1134,1004,779,480,0,0
2017,2017-11-03,Northbound,All Vehicles,308,192,230,286,594,1931,3502,3181,2879,2573,2199,2037,1952,1984,1979,1928,1974,2167,2087,1620,1241,1085,836,718,0,0
2017,2017-11-04,Northbound,All Vehicles,510,336,308,313,364,973,1680,1816,2065,2364,2386,2386,2337,2287,2248,2091,1919,2046,2068,1489,1163,997,958,720,0,0
2017,2017-11-05,Northbound,All Vehicles,522,390,353,333,337,709,1048,1081,1347,2167,2241,2342,2350,2284,2126,1933,1845,1904,1551,1204,1039,911,643,430,0,0
2017,2017-11-06,Northbound,All Vehicles,237,172,179,270,581,1774,3118,3162,3080,2622,2063,2001,1870,1742,1746,1825,1848,1843,1665,1221,955,815,547,391,0,0
2017,2017-11-07,Northbound,All Vehicles,178,135,161,251,601,1945,3443,3257,2999,2529,2134,1949,1850,1692,1797,1777,1789,1951,1751,1273,983,934,694,449,0,0
2017,2017-11-08,Northbound,All Vehicles,340,191,184,251,625,1914,3322,3150,2915,2856,2170,1959,1955,1791,1944,1861,2003,2120,1943,1401,1048,925,741,510,0,0
2017,2017-11-09,Northbound,All Vehicles,276,178,185,262,643,1942,3447,3271,3118,2727,2132,2011,1934,1810,1801,1872,1935,2057,2019,1488,1157,1048,763,497,0,0
2017,2017-11-10,Northbound,All Vehicles,322,199,186,304,684,1892,3361,3142,2815,2698,2232,1989,1918,1873,1999,1985,2014,2101,2126,1782,1306,1104,949,711,0,0
2017,2017-11-11,Northbound,All Vehicles,519,344,345,310,416,1189,1922,1973,2197,2400,2442,2442,2476,2312,2335,2319,2144,2346,2282,1906,1306,1161,1040,884,0,0
2017,2017-11-12,Northbound,All Vehicles,678,466,375,338,343,652,826,1102,1493,2347,2449,2626,2557,2346,2276,2062,1935,2023,1902,1472,1245,1042,798,506,0,0
2017,2017-11-13,Northbound,All Vehicles,264,186,191,239,590,1805,3403,3132,2815,2882,2181,1974,1911,1646,1922,1841,1871,1907,1861,1376,1042,870,666,468,0,0
2017,2017-11-14,Northbound,All Vehicles,222,163,172,268,623,1875,3492,3135,2935,3047,2174,2024,1870,1801,1743,1740,1980,2097,1907,1355,1109,940,749,453,0,0
2017,2017-11-15,Northbound,All Vehicles,224,164,203,272,631,1970,3525,2712,2917,3115,2157,1970,1865,1855,1821,1867,1949,2146,2067,1363,992,903,723,512,0,0
2017,2017-11-16,Northbound,All Vehicles,327,238,225,292,642,1926,3432,3143,2921,2724,2198,2134,1957,1821,1857,1853,1913,2133,1973,1353,1104,962,756,561,0,0
2017,2017-11-17,Northbound,All Vehicles,316,200,230,310,663,1898,3461,3096,2796,2605,2239,2050,1914,1913,1943,2079,2247,2328,2046,1598,1202,1116,949,721,0,0
2017,2017-11-18,Northbound,All Vehicles,508,371,342,341,395,1038,1786,1866,1922,2434,2416,2511,2404,2320,2152,2027,1924,2082,1906,1650,1171,1065,1030,824,0,0
2017,2017-11-19,Northbound,All Vehicles,571,444,382,306,298,570,772,1015,1547,2348,2431,2504,2395,2290,2147,1970,1966,2135,1766,1393,1151,995,725,465,0,0
2017,2017-11-20,Northbound,All Vehicles,220,145,165,227,599,1849,3469,3153,3180,2713,2169,2017,1824,1823,1875,1803,1931,2000,1696,1339,1058,843,641,424,0,0
2017,2017-11-21,Northbound,All Vehicles,213,120,173,225,610,1924,3455,3475,3090,2789,2213,2087,1924,1787,1822,1824,1892,2003,1875,1400,1152,985,881,634,0,0
2017,2017-11-22,Northbound,All Vehicles,275,195,166,266,637,1880,3198,2794,2498,3100,2403,2069,1881,1840,1919,1865,1969,2250,2059,1415,1112,964,796,610,0,0
2017,2017-11-23,Northbound,All Vehicles,296,211,202,295,667,1958,3479,3145,3059,2618,2175,2096,1877,1806,1922,1965,2010,2207,2139,1561,1184,1027,836,561,0,0
2017,2017-11-24,Northbound,All Vehicles,322,223,216,302,664,1967,3329,3309,3020,2767,2241,2077,1848,1833,2021,2071,2232,2398,2151,1806,1196,1127,967,791,0,0
2017,2017-11-25,Northbound,All Vehicles,570,429,354,344,403,1115,1831,1863,2104,2409,2471,2385,2355,2257,2110,2014,1981,2194,2176,1743,1275,1068,1031,769,0,0
2017,2017-11-26,Northbound,All Vehicles,662,452,423,333,316,536,778,1030,1493,2352,2423,2295,2288,2115,2067,2045,2051,2214,1995,1420,1226,1004,753,474,0,0
2017,2017-11-27,Northbound,All Vehicles,255,173,179,270,629,1891,3469,3077,3080,2703,2173,2079,1897,1745,1831,1727,1996,1971,1866,1299,1024,851,621,430,0,0
2017,2017-11-28,Northbound,All Vehicles,228,190,161,289,667,1967,3434,2952,2967,2798,2178,2077,1843,1892,1786,1799,1905,2148,1856,1409,1142,1048,730,459,0,0
2017,2017-11-29,Northbound,All Vehicles,263,193,201,254,659,1995,3447,3091,2838,2728,2308,2123,1845,1817,1906,1846,2028,2226,2081,1442,1091,1037,787,572,0,0
2017,2017-11-30,Northbound,All Vehicles,278,224,190,312,678,2077,3396,3181,2980,2766,2187,2113,1899,1816,1890,1926,2027,2180,1978,1579,1157,1057,872,599,0,0
2017,2017-12-01,Northbound,All Vehicles,352,239,224,326,672,2003,3462,3184,2734,2593,2175,2042,2093,1966,1972,2046,2121,2315,2286,1759,1207,1137,969,717,0,0
2017,2017-12-02,Northbound,All Vehicles,583,493,409,369,436,920,1513,1620,2090,2480,2450,2473,2339,2248,2234,1938,2091,2048,2076,1494,1120,1023,964,792,0,0
2017,2017-12-03,Northbound,All Vehicles,704,639,391,330,296,580,709,1024,1519,2157,2381,2332,2370,2135,1985,2066,2048,2060,1879,1392,1166,1051,758,441,0,0
2017,2017-12-04,Northbound,All Vehicles,296,180,188,232,592,1590,2885,3232,3011,2742,2281,2067,1773,1772,1848,1743,1788,1893,1623,1168,903,890,603,424,0,0
2017,2017-12-05,Northbound,All Vehicles,209,160,151,281,637,1746,3349,3344,3071,2750,2397,2084,1987,1819,1871,1936,1903,2166,1958,1456,1166,960,723,436,0,0
2017,2017-12-06,Northbound,All Vehicles,248,168,161,282,631,1980,3552,3304,3035,2792,2397,2093,1927,1811,1776,1712,2112,2133,2123,1438,1150,977,736,571,0,0
2017,2017-12-07,Northbound,All Vehicles,281,215,188,310,679,1985,3465,3065,2902,2974,2321,2095,1968,1882,1886,1965,2027,2239,2169,1558,1224,1106,832,569,0,0
2017,2017-12-08,Northbound,All Vehicles,407,321,263,305,649,1997,3443,3159,2789,2743,2401,2195,2073,1980,1977,2038,2142,2280,2083,1670,1241,1153,1012,836,0,0
2017,2017-12-09,Northbound,All Vehicles,614,525,444,376,460,1179,1801,1819,2171,2522,2549,2534,2501,2366,2285,2086,2151,2491,2275,1925,1312,1202,1137,914,0,0
2017,2017-12-10,Northbound,All Vehicles,686,560,431,371,354,597,796,1014,1486,2354,2385,2471,2419,2184,2179,2040,2078,2179,2057,1500,1243,1064,784,540,0,0
2017,2017-12-11,Northbound,All Vehicles,302,220,203,283,622,1959,3464,3273,3043,2730,2376,2085,1910,1846,1793,1815,1863,2108,1822,1388,1039,939,788,621,0,0
2017,2017-12-12,Northbound,All Vehicles,344,216,209,308,637,1971,3484,3334,2650,2766,2217,2071,1868,1757,1864,1895,1954,2200,1967,1455,1181,994,878,627,0,0
2017,2017-12-13,Northbound,All Vehicles,358,203,196,313,699,1963,3439,3190,2862,2593,2164,2002,1910,1818,1932,1930,1982,2216,2125,1582,1199,1137,882,590,0,0
2017,2017-12-14,Northbound,All Vehicles,320,213,183,309,671,1817,3347,3275,3027,2683,2246,2056,1883,1764,1753,1815,2000,2236,2164,1667,1225,1099,848,588,0,0
2017,2017-12-15,Northbound,All Vehicles,411,285,287,276,693,1919,3392,3139,2812,2706,2262,2120,1984,2016,2051,2017,2107,2209,2218,1863,1325,1226,1019,880,0,0
2017,2017-12-16,Northbound,All Vehicles,568,475,485,380,437,851,1766,1829,1961,2344,2383,2481,2336,2207,2022,1957,2084,2292,2203,1909,1263,1237,1055,872,0,1
2017,2017-12-17,Northbound,All Vehicles,637,444,444,359,335,501,785,949,1363,2253,2321,2467,2319,2136,2143,1953,1912,2010,1652,1408,1167,1040,764,455,0,1
2017,2017-12-18,Northbound,All Vehicles,282,198,199,261,564,1928,3434,3236,3138,2650,2246,2118,2020,1966,1928,1883,1897,2115,1845,1359,1068,998,724,499,0,1
2017,2017-12-19,Northbound,All Vehicles,242,184,208,297,599,1935,3434,3237,2960,2657,2244,2071,1898,1899,1840,1875,1914,2121,1896,1522,1232,1117,795,545,0,1
2017,2017-12-20,Northbound,All Vehicles,291,219,179,305,652,2008,3385,3218,2846,2681,2421,2260,2079,1899,1888,1850,1870,2115,2026,1425,1167,1037,804,637,0,1
2017,2017-12-21,Northbound,All Vehicles,312,244,233,332,681,1875,3177,3024,2934,2778,2443,2294,2207,2045,2064,1762,2034,2183,1851,1497,1148,1079,849,626,0,1
2017,2017-12-23,Northbound,All Vehicles,549,412,407,397,408,750,1076,1441,1825,2144,2242,2104,1964,1924,1819,1752,1715,1878,1836,1502,1303,1167,1045,736,0,1
2017,2017-12-24,Northbound,All Vehicles,461,348,279,328,331,520,727,919,1408,1998,1919,1848,1781,1648,1580,1476,1457,1417,1231,1089,898,906,863,599,0,1
2017,2017-12-27,Northbound,All Vehicles,262,173,169,227,399,931,1376,1503,1692,1949,1956,2067,1967,1938,1811,1854,1689,1737,1526,1329,1018,896,744,496,0,1
2017,2017-12-28,Northbound,All Vehicles,299,187,165,214,449,934,1451,1632,1749,2010,1925,2062,1870,1920,1858,1914,1870,1911,1682,1354,1072,972,762,486,0,1
2017,2017-12-29,Northbound,All Vehicles,293,192,192,213,375,902,1366,1518,1810,2077,2012,1997,1993,1933,1948,1902,1851,1980,1752,1485,1090,980,756,608,0,1
2017,2017-12-30,Northbound,All Vehicles,404,279,280,272,300,536,797,996,1316,1826,2009,2115,2005,1918,1787,1673,1538,1730,1705,1483,1235,1060,879,618,0,1
2017,2017-12-31,Northbound,All Vehicles,449,256,204,225,221,414,584,680,1040,1588,1576,1786,1702,1805,1699,1588,1485,1497,1499,1178,940,897,1079,647,0,1
